true_p,n_items,n_replications,logit_normal_mean_bias,logit_normal_abs_bias,logit_normal_mean_ci_width,logit_normal_coverage,logit_normal_mean_divergences,logit_normal_total_divergences,logit_normal_mean_ess_bulk,logit_normal_mean_ess_tail,logit_normal_min_ess_bulk,beta_binomial_mean_bias,beta_binomial_abs_bias,beta_binomial_mean_ci_width,beta_binomial_coverage,beta_binomial_mean_divergences,beta_binomial_total_divergences,beta_binomial_mean_ess_bulk,beta_binomial_mean_ess_tail,beta_binomial_min_ess_bulk,bias_ratio,ci_width_ratio,divergence_ratio
0.0,20,25,0.010908380348359758,0.010908380348359758,0.02017587708755257,0.0,0.12,3,6915.96,3063.32,5961.0,0.006597673335050236,0.006597673335050236,0.01784849140259072,0.0,6.4,160,49.2,122.04,14.0,0.6048261175677008,0.8846451296832234,53.333333333333336
0.0,50,25,0.005444555674491313,0.005444555674491313,0.007904938721693573,0.0,0.04,1,7016.56,2941.44,5391.0,0.0030000181675955257,0.0030000181675955257,0.007769533855603897,0.0,0.24,6,27.56,94.68,10.0,0.5510124878786952,0.9828708518994481,2.4
0.0,100,25,0.003625848459598552,0.003625848459598552,0.0035340892101561427,0.0,0.08,2,6250.4,2922.76,5242.0,0.0017835093330074317,0.0017835093330074317,0.004427973931120469,0.0,0.0,0,17.96,86.12,7.0,0.4918874445196474,1.25293213266816,0.0
0.05,20,25,0.009347419728328137,0.01643718385412279,0.056389104803880874,0.88,0.04,1,4930.2,3257.44,3912.0,0.008361899575576733,0.015428323716091399,0.056036019330167726,0.92,0.0,0,1345.88,2089.08,429.0,0.9386232978237116,0.9937384096636901,0.0
0.05,50,25,0.0041434081046108255,0.010596871259847224,0.03554189451090142,0.76,0.12,3,4721.48,3274.92,4196.0,0.0035900878412144254,0.010788841286296737,0.03506874480520236,0.72,0.0,0,1707.8,2443.76,1003.0,1.0181157269671577,0.9866875496590668,0.0
0.05,100,25,0.0028095525168304668,0.008630597548420682,0.025211906476862847,0.72,0.24,6,4833.72,3348.6,3831.0,0.0024882815880251886,0.008537203813167488,0.024726633248260087,0.72,0.0,0,2018.76,2525.0,1017.0,0.9891787637264717,0.9807522200255622,0.0
0.1,20,25,0.004581402840742887,0.02299255391856909,0.07475068843788008,0.84,0.0,0,5154.64,3357.16,4300.0,0.004780387058234219,0.023018957260608142,0.07479732922267708,0.84,0.0,0,1671.04,2395.56,950.0,1.0011483431606842,1.0006239512407402,0.0
0.1,50,25,0.009700390708728303,0.0178551063129417,0.049247586083661116,0.72,0.04,1,5146.72,3437.4,4325.0,0.009625192974750592,0.01810588569331183,0.04917102513193226,0.72,0.0,0,1805.96,2442.2,1351.0,1.0140452471116546,0.9984453867119741,0.0
0.1,100,25,-0.0002785502608331858,0.010049356051951763,0.033497044743904,0.84,0.0,0,5103.08,3359.04,4223.0,-0.00047378052975423856,0.010144145433519509,0.033593771780446896,0.88,0.0,0,2363.52,2597.92,1590.0,1.0094323836351022,1.00288762896197,0.0
0.3,20,25,0.006584552939641323,0.03085574357222108,0.11467139272134555,0.84,0.0,0,5708.64,3168.4,4040.0,0.007333065173612426,0.03081296441441001,0.11534103455865254,0.84,0.0,0,2266.44,2543.2,1406.0,0.9986135755338081,1.0058396590589445,0.0
0.3,50,25,-0.0008134884639155993,0.020035001064819032,0.07253893044472282,0.88,0.0,0,5495.48,3105.28,4604.0,-0.0006648872442049058,0.01998705803190715,0.07246702277852884,0.88,0.0,0,2097.48,2491.52,1144.0,0.9976070361685146,0.9990087024201609,0.0
0.3,100,25,0.0037270843836194477,0.014102723233911619,0.05201247596525881,0.88,0.0,0,6610.68,3034.96,5246.0,0.0037657397896394083,0.014015204113696072,0.05211809231775305,0.88,0.0,0,1748.72,2319.6,1126.0,0.9937941687740778,1.0020305965162049,0.0
0.5,20,25,0.008654375721222057,0.042762979154775,0.12590095793170145,0.8,0.0,0,6382.2,3007.52,4472.0,0.008605792234135047,0.04221407479574129,0.12531506107155932,0.76,0.0,0,2203.72,2537.88,1530.0,0.9871640290297123,0.9953463669397975,0.0
0.5,50,25,0.011296142479117827,0.03415296249080707,0.07957911323135328,0.6,0.0,0,6228.12,2929.56,3963.0,0.01114253882977833,0.03401947442291228,0.07950198044023785,0.6,0.0,0,2102.16,2465.6,1127.0,0.9960914644540508,0.9990307407561682,0.0
0.5,100,25,0.005279158356636249,0.013980395886119028,0.05631392482306887,0.8,0.0,0,7090.6,2986.64,5668.0,0.005385001221490799,0.013902909483764402,0.05657945426593529,0.84,0.0,0,1886.88,2398.44,1358.0,0.9944574958401885,1.004715164920589,0.0
0.7,20,25,-0.010922850818510015,0.03930083291999922,0.11502738448644972,0.76,0.0,0,5927.96,3162.24,4070.0,-0.011934487465050703,0.03974684780932506,0.1157476883951801,0.84,0.0,0,2213.44,2491.84,1431.0,1.0113487388482005,1.0062620210999862,0.0
0.7,50,25,-0.00894844091329682,0.02018569956949856,0.07345100588279883,0.88,0.0,0,5878.76,3068.32,4442.0,-0.008949727299023857,0.020027773828221143,0.07345801831592659,0.88,0.0,0,1985.16,2464.04,1243.0,0.9921763553086834,1.0000954708930596,0.0
0.7,100,25,-0.0038915294114307965,0.014552527436626996,0.051952638564444056,0.88,0.0,0,6764.08,3069.84,5319.0,-0.00393722897866108,0.014667222234398238,0.05197517148089209,0.88,0.0,0,1772.48,2387.08,1344.0,1.007881434910239,1.0004337203474292,0.0
0.9,20,25,-0.0015468247282718428,0.01899366046415486,0.07432920206605571,0.84,0.0,0,5237.12,3278.36,4344.0,-0.0021226270226521837,0.01892369601510884,0.07448134565054124,0.84,4.72,118,1618.76,2294.52,1168.0,0.9963164315178712,1.002046888440297,47.199999999999996
0.9,50,25,0.00015153817327499654,0.015129490296445463,0.04765104799510796,0.84,0.0,0,5150.16,3318.04,3886.0,-0.0003172224638403165,0.0144418960948322,0.04741403840102583,0.88,0.08,2,1612.4,2211.32,956.0,0.9545527186877666,0.9950261409968052,0.7999999999999999
0.9,100,25,-0.0027686216504876925,0.013300887722419774,0.034100191389456726,0.64,0.0,0,5241.88,3447.4,3958.0,-0.0026137300859536026,0.012995282586064758,0.03419111472456009,0.64,0.0,0,2123.6,2333.0,1238.0,0.9770237037758094,1.0026663584982538,0.0
0.95,20,25,-0.007385186345813879,0.016264498688975285,0.05616923045620873,0.8,0.0,0,4936.04,3186.12,4335.0,-0.007135845484214127,0.016103190100646612,0.05546182365741506,0.8,59.68,1492,1317.72,2124.56,369.0,0.9900821666001908,0.9874057950759146,596.8
0.95,50,25,-0.005305351845895427,0.012476074412518412,0.03568646828543779,0.72,0.04,1,5011.56,3397.08,3962.0,-0.004812074723176934,0.01184576755091371,0.035152224433911895,0.72,17.04,426,1703.56,2257.24,387.0,0.9494787510266647,0.9850295118235642,170.39999999999998
0.95,100,25,0.0016860750131108392,0.007458563649149114,0.023995687028689434,0.8,0.04,1,4753.08,3362.28,3796.0,0.0020189864906661904,0.007371563969654025,0.02378928329736392,0.8,15.48,387,1915.88,2466.48,896.0,0.9883355987040461,0.9913982987409888,154.79999999999998
1.0,20,25,-0.010908388437027447,0.010908388437027447,0.020145632899267688,0.0,0.08,2,6922.92,3032.88,5372.0,-0.009532347286388689,0.009532347286388689,0.02092477944098068,0.0,504.84,12621,314.72,897.16,180.0,0.8738547716207169,1.0386757043379518,5048.4
1.0,50,25,-0.005441859953240957,0.005441859953240957,0.007881447134286165,0.0,0.0,0,7152.32,3033.76,5667.0,-0.0057425369108431434,0.0057425369108431434,0.009976292294975235,0.0,1000.24,25006,334.96,923.2,137.0,1.0552526085172618,1.265794482281813,10002.4
1.0,100,25,-0.003628777128506151,0.003628777128506151,0.0035269050115201584,0.0,0.0,0,6115.08,3297.36,4630.0,-0.004100132782352603,0.004100132782352603,0.005794517166973465,0.0,1434.12,35853,340.8,834.96,57.0,1.1298938009015984,1.6429467615505544,14341.199999999999
